4162,"(41.7882484, -87.5909839)"
4163,"(41.7958154, -87.5984632)"
4164,"(41.79255360000001, -87.6040574)"
4165,"(41.7846534, -87.60485949999999)"
4166,"(41.7901748, -87.59914119999999)"
4167,"(41.80021615, -87.59299225)"
4168,"(41.7931435, -87.6061982)"
4169,"(41.79457499999999, -87.601637)"
4170,"(39.0204247, -94.5739603)"
4171,"(41.795729, -87.605226)"
4172,"(41.792858, -87.60522999999999)"
4173,"(41.784479, -87.6023214)"
4174,"(41.7912374, -87.5981689)"
4175,"(41.7892116, -87.60406619999999)"
4176,"(41.7899689, -87.6052594)"
4177,"(41.795729, -87.605226)"
4178,"(41.7883128, -87.6045656)"
4179,"(41.7993748, -87.60131299999999)"
4180,"(41.957897, -87.724722)"
4181,"(41.793195, -87.5919807)"
4182,"(41.8043149, -87.58572989999999)"
4185,"(41.7933635, -87.58798150000001)"
4186,"(41.795729, -87.605226)"
4187,"(41.7899689, -87.6052594)"
4188,"(41.795729, -87.605226)"
4189,"(41.8024785, -87.5873111)"
4190,"(41.7967979, -87.60627319999999)"
4191,"(41.791296, -87.60616329999999)"
4192,"(41.798372, -87.60490949999999)"
4193,"(41.795006, -87.58867099999999)"
4194,"(41.7931435, -87.6061982)"
4195,"(41.7954288, -87.58513169999999)"
4196,"(41.795602, -87.5921032)"
4197,"(41.7846534, -87.60485949999999)"
4198,"(41.7911902, -87.6040112)"
4199,"(41.791237, -87.5982604)"
4200,"(41.7880876, -87.5896075)"
4201,"(41.7997077, -87.6045204)"
4203,"(41.79648645, -87.59127975)"
4204,"(41.7901022, -87.5905458)"
4205,"(41.7854503, -87.603927)"
4206,"(41.7931435, -87.6061982)"
4207,"(41.7954288, -87.58513169999999)"
4208,"(41.8024029, -87.5879358)"
4209,"(41.7948341, -87.6003897)"
4210,"(41.7807716, -87.5958744)"
4211,"(41.7892116, -87.60406619999999)"
4213,"(41.8781136, -87.6297982)"
4214,"(41.79948340000001, -87.59263349999999)"
4215,"(41.782257, -87.58686999999999)"
4216,"(41.794451, -87.59861540000001)"
4217,"(41.789522, -87.59281279999999)"
4218,"(41.7845959, -87.6008803)"
4219,"(41.816469, -87.60484799999999)"
4220,"(41.7901006, -87.59771169999999)"
4221,"(41.7900073, -87.59839355)"
4222,"(41.794176, -87.584199)"
4223,"(41.7804253, -87.60047600000001)"
4224,"(41.78952109999999, -87.60424909999999)"
4225,"(41.7845959, -87.6008803)"
4226,"(41.792409649999996, -87.59027495)"
4227,"(41.784079, -87.5905914)"
4228,"(41.7899689, -87.6052594)"
4229,"(41.796511550000005, -87.59658304999999)"
4230,"(41.7838921, -87.606385)"
4231,"(41.7899689, -87.6052594)"
4232,"(41.7910678, -87.60495069999999)"
4233,"(41.7892116, -87.60406619999999)"
4234,"(41.795729, -87.605226)"
4235,"(41.7967979, -87.60627319999999)"
4236,"(41.7913662, -87.60251485)"
4237,"(41.7880686, -87.5956212)"
4238,"(41.7854503, -87.603927)"
4239,"(41.78952109999999, -87.60424909999999)"
4240,"(41.7899689, -87.6052594)"
4242,"(41.7910678, -87.60495069999999)"
4244,"(41.957897, -87.724722)"
4245,"(41.8000822, -87.6031098)"
4246,"(41.7924917, -87.6057434)"
4247,"(41.7992939, -87.5844443)"
4248,"(41.7930239, -87.59680399999999)"
4249,"(41.80009020000001, -87.5968695)"
4250,"(41.7935817, -87.5989699)"
4251,"(41.7840817, -87.6011369)"
4252,"(41.7999386, -87.5911268)"
4253,"(41.7892116, -87.60406619999999)"
4255,"(41.7931435, -87.6061982)"
4256,"(41.7946295, -87.5946625)"
4257,"(41.7886877, -87.59555089999999)"
4258,"(41.7949735, -87.60379739999999)"
4259,"(41.7899689, -87.6052594)"
4260,"(41.79073040000001, -87.5982566)"
4261,"(41.7850859, -87.6024784)"
4262,"(41.7887264, -87.60460259999999)"
4263,"(41.7893749, -87.5931645)"
4264,"(41.7853843, -87.6048799)"
4265,"(41.7846534, -87.60485949999999)"
4267,"(41.7883128, -87.6045656)"
4269,"(41.7959781, -87.59869555)"
4270,"(41.785973, -87.600983)"
4271,"(41.8391349, -87.607542)"
4272,"(41.7919425, -87.60283989999999)"
4273,"(41.7901748, -87.59914119999999)"
4274,"(41.7879118, -87.6008291)"
4275,"(41.7891486, -87.58666020000001)"
4276,"(41.7846534, -87.60485949999999)"
4277,"(41.7979457, -87.59892359999999)"
4278,"(41.7790843, -87.6020529)"
4279,"(41.78993010000001, -87.6033832)"
4280,"(41.7899689, -87.6052594)"
4281,"(41.7880092, -87.5987709)"
4282,"(41.792984, -87.6024664)"
4283,"(41.7891768, -87.60195080000001)"
4284,"(41.8140223, -87.6086873)"
4286,"(41.793602, -87.59214399999999)"
4287,"(41.7888793, -87.6049986)"
4288,"(41.8408515, -87.66560634999999)"
4289,"(41.7949182, -87.587938)"
4290,"(41.79919049999999, -87.6000656)"
4291,"(41.7958154, -87.5984632)"
4292,"(41.7949235, -87.5947448)"
4293,"(41.7883128, -87.6045656)"
4294,"(41.792279, -87.599954)"
4295,"(41.79506440000001, -87.5858429)"
4296,"(41.7912278, -87.587041)"
4297,"(41.790866, -87.596749)"
4298,"(41.7836247, -87.58685439999999)"
4299,"(41.79665184999999, -87.5996826)"
4300,"(41.7948242, -87.5975921)"
4301,"(41.797976000000006, -87.59580245)"
4302,"(41.7844464, -87.6032477)"
4303,"(41.78802779999999, -87.5939404)"
4304,"(41.7914497, -87.59403305000001)"
4305,"(41.8007483, -87.5969348)"
4306,"(41.781509, -87.60632199999999)"
4307,"(41.7854005, -87.6002883)"
4308,"(41.798721, -87.584451)"
4309,"(41.7975267, -87.6001239)"
4310,"(41.7885151, -87.6040574)"
4311,"(41.7846534, -87.60485949999999)"
4312,"(41.782262, -87.6011114)"
4313,"(41.8639088, -87.61553719999999)"
4314,"(41.795729, -87.605226)"
4315,"(41.784462, -87.60318810000001)"
4316,"(41.7954288, -87.58513169999999)"
4317,"(41.7900088, -87.60020999999999)"
4318,"(41.8021135, -87.60445729999999)"
4319,"(41.7912712, -87.59819279999999)"
4320,"(41.7910678, -87.60495069999999)"
4321,"(41.7899689, -87.6052594)"
4322,"(41.7940762, -87.60170769999999)"
4323,"(41.7948135, -87.5975445)"
4324,"(41.7888793, -87.6049986)"
4325,"(41.7895463, -87.6021964)"
4326,"(41.8860407, -87.63206380000001)"
4327,"(41.7935817, -87.5989699)"
4328,"(41.7882484, -87.5909839)"
4329,"(41.7790843, -87.6020529)"
4330,"(41.8060117, -87.5897826)"
4331,"(41.7996255, -87.6037044)"
4332,"(41.78397349999999, -87.5940358)"
4333,"(41.7999386, -87.5911268)"
4334,"(41.8781136, -87.6297982)"
4335,"(41.7984412, -87.59776869999999)"
4336,"(41.797709, -87.6031514)"
4337,"(41.7845959, -87.6008803)"
4338,"(41.7912523, -87.5946494)"
4339,"(41.809388, -87.6006801)"
4340,"(41.7988187, -87.59698449999999)"
4341,"(41.7892116, -87.60406619999999)"
4343,"(41.7807555, -87.5882743)"
4344,"(41.7932161, -87.59975829999999)"
4345,"(41.80220629999999, -87.5968839)"
4346,"(41.7940762, -87.60170769999999)"
4347,"(41.792279, -87.599954)"
4348,"(41.8002766, -87.6042345)"
4349,"(41.7910678, -87.60495069999999)"
4350,"(41.7927938, -87.59843049999999)"
4351,"(41.7892116, -87.60406619999999)"
4352,"(41.7900088, -87.60020999999999)"
4353,"(41.7882484, -87.5909839)"
4354,"(41.800211, -87.60318)"
4355,"(41.7912712, -87.59819279999999)"
4356,"(41.79883299999999, -87.5963887)"
4357,"(41.791296, -87.60616329999999)"
4358,"(41.8017562, -87.5866716)"
4359,"(41.78796639999999, -87.59953639999999)"
4360,"(41.7967483, -87.6022442)"
4361,"(41.7910784, -87.6005453)"
4362,"(41.7941207, -87.5842622)"
4363,"(41.7956507, -87.5904674)"
4364,"(41.7913053, -87.5907458)"
4365,"(41.7891369, -87.5954551)"
4366,"(41.882383, -87.6290574)"
4367,"(41.7854503, -87.603927)"
4369,"(41.79056575, -87.5902304)"
4370,"(41.7934188, -87.5853693)"
4372,"(41.8074698, -87.59136319999999)"
4373,"(41.7966863, -87.6041205)"
4374,"(41.7877678, -87.5980148)"
4375,"(41.7836247, -87.58685439999999)"
4376,"(41.8007113, -87.6006329)"
4377,"(41.7950649, -87.5878062)"
4378,"(41.7805366, -87.5915088)"
4379,"(41.7910228, -87.6015292)"
4380,"(41.7885151, -87.6040574)"
4381,"(41.7892116, -87.60406619999999)"
4382,"(41.8001184, -87.5962134)"
4383,"(41.78308450000001, -87.6063661)"
4384,"(41.7986225, -87.6063071)"
4385,"(41.79850709999999, -87.6019621)"
4386,"(41.7891768, -87.60195080000001)"
4387,"(41.7992032, -87.5970741)"
4388,"(41.7904383, -87.6009979)"
4389,"(41.7935817, -87.5989699)"
4390,"(41.794261350000006, -87.60128505)"
4391,"(41.7938271, -87.58322009999999)"
4392,"(41.7935817, -87.5989699)"
4393,"(41.7888793, -87.6049986)"
4394,"(41.7837227, -87.590271)"
4395,"(41.7901748, -87.59914119999999)"
4396,"(41.78869700000001, -87.6006031)"
4397,"(41.7895621, -87.601259)"
4398,"(41.7902056, -87.6019316)"
4399,"(41.7892116, -87.60406619999999)"
4400,"(41.7931443, -87.6060729)"
4401,"(41.9999055, -87.65813849999999)"
4402,"(41.7931303, -87.59259809999999)"
4403,"(41.7846534, -87.60485949999999)"
4405,"(41.7874045, -87.5915053)"
4406,"(41.7930085, -87.585454)"
4407,"(41.7845959, -87.6008803)"
4408,"(41.7932206, -87.5991391)"
4409,"(41.7848153, -87.60159809999999)"
4410,"(41.8835178, -87.6258728)"
4412,"(41.7901006, -87.59771169999999)"
4413,"(41.7912712, -87.59819279999999)"
4414,"(41.7912712, -87.59819279999999)"
4416,"(41.7935817, -87.5989699)"
4417,"(41.7935817, -87.5989699)"
4418,"(41.7919788, -87.5983645)"
4419,"(41.7845959, -87.6008803)"
4420,"(41.7901748, -87.59914119999999)"
4422,"(41.7899689, -87.6052594)"
4423,"(41.7919425, -87.60283989999999)"
4424,"(41.7891768, -87.60195080000001)"
4425,"(41.80016875, -87.59666179999999)"
4426,"(41.79948400000001, -87.5925456)"
4427,"(41.7967483, -87.6022442)"
4428,"(41.8053851, -87.603093)"
4429,"(41.7886075, -87.5937902)"
4430,"(41.7927938, -87.59843049999999)"
4431,"(41.78796639999999, -87.59953639999999)"
4432,"(41.79457499999999, -87.601637)"
4433,"(41.800679, -87.592269)"
4434,"(41.792279, -87.599954)"
4435,"(41.7892116, -87.60406619999999)"
4436,"(41.7899183, -87.59734110000001)"
4437,"(41.78802779999999, -87.5939404)"
4438,"(41.7910678, -87.60495069999999)"
4439,"(41.800612, -87.602509)"
4440,"(41.8033751, -87.5867708)"
4441,"(41.794451, -87.59861540000001)"
4442,"(41.8781136, -87.6297982)"
4443,"(41.794451, -87.59861540000001)"
4444,"(41.7893783, -87.6025521)"
4445,"(41.7884006, -87.59909929999999)"
4446,"(41.7946132, -87.5910931)"
4447,"(41.7941054, -87.5937364)"
4448,"(41.7946132, -87.5910931)"
4449,"(41.80253219999999, -87.5853537)"
4450,"(41.7892116, -87.60406619999999)"
4451,"(41.7854503, -87.603927)"
4452,"(41.7856696, -87.5960181)"
4453,"(41.79139809999999, -87.5991765)"
4454,"(41.7804132, -87.6046616)"
4455,"(41.7940762, -87.60170769999999)"
4456,"(41.7924259, -87.5977358)"
4457,"(41.791237, -87.5982604)"
4458,"(41.7853228, -87.60066069999999)"
4459,"(41.784990449999995, -87.60278745)"
4460,"(41.7992939, -87.5844443)"
4461,"(41.7912712, -87.59819279999999)"
4462,"(41.79865465, -87.60129275)"
4463,"(41.7993398, -87.5985268)"
4464,"(41.7853698, -87.6011668)"
4465,"(41.7934028, -87.60085939999999)"
4466,"(41.789397, -87.59280609999999)"
4467,"(41.7912712, -87.59819279999999)"
4468,"(41.7880686, -87.5956212)"
4469,"(41.7949367, -87.60623540000002)"
4470,"(41.7910678, -87.60495069999999)"
4471,"(41.7845959, -87.6008803)"
4472,"(41.7880686, -87.5956212)"
4473,"(41.7940762, -87.60170769999999)"
4474,"(41.7889661, -87.60093189999999)"
4475,"(41.7892116, -87.60406619999999)"
4476,"(41.8002273, -87.59179169999999)"
4477,"(41.79682965, -87.5989)"
4478,"(41.7919788, -87.5983645)"
4479,"(41.78282325, -87.60297309999999)"
4480,"(41.7900073, -87.59839355)"
4481,"(41.7987242, -87.59500704999999)"
4482,"(41.7940762, -87.60170769999999)"
4483,"(41.7946132, -87.5910931)"
4484,"(41.7940762, -87.60170769999999)"
4485,"(41.794155149999995, -87.5983306)"
4486,"(41.7854005, -87.6002883)"
4487,"(41.7851676, -87.5985919)"
4488,"(41.7829875, -87.6063224)"
4489,"(41.79970100000001, -87.5936495)"
4490,"(41.7835697, -87.5983904)"
4491,"(41.7845959, -87.6008803)"
4492,"(41.794451, -87.59861540000001)"
4493,"(41.78318105, -87.6011243)"
4494,"(41.8022031, -87.6064389)"
4495,"(41.796435, -87.58167619999999)"
4496,"(41.78952109999999, -87.60424909999999)"
4497,"(41.7883128, -87.6045656)"
4498,"(41.7950649, -87.5878062)"
4499,"(41.7976255, -87.5817204)"
4500,"(41.7933454, -87.58808789999999)"
4501,"(41.79457499999999, -87.601637)"
4502,"(41.78952109999999, -87.60424909999999)"
4503,"(41.794451, -87.59861540000001)"
4504,"(41.79239705, -87.5916257)"
4505,"(41.7886421, -87.5927603)"
4506,"(41.7878636, -87.60211729999999)"
4507,"(41.7916443, -87.5881545)"
4508,"(41.796511550000005, -87.59658304999999)"
4509,"(41.796510749999996, -87.59733825)"
4510,"(41.7856991, -87.5939369)"
4511,"(41.7940762, -87.60170769999999)"
4512,"(41.7940762, -87.60170769999999)"
4513,"(41.7897048, -87.6053945)"
4514,"(41.7948658, -87.59761429999999)"
4515,"(41.7899689, -87.6052594)"
4516,"(41.7891369, -87.5954551)"
4517,"(41.7991555, -87.5947843)"
4518,"(41.78952109999999, -87.60424909999999)"
4519,"(41.79662300000001, -87.6012514)"
4520,"(41.7946132, -87.5910931)"
4521,"(41.7877085, -87.6036874)"
4522,"(41.7940762, -87.60170769999999)"
4523,"(41.7851676, -87.5985919)"
4524,"(41.79662300000001, -87.6012514)"
4525,"(41.790225, -87.60255599999999)"
4526,"(41.785151, -87.59420399999999)"
4527,"(41.7902482, -87.5976556)"
4528,"(41.785151, -87.59420399999999)"
4529,"(41.7851523, -87.5941115)"
4530,"(41.79677015, -87.5985384)"
4531,"(41.8000515, -87.5893565)"
4532,"(41.7851479, -87.6055427)"
4533,"(41.7954837, -87.58816019999999)"
4534,"(41.80016875, -87.59666179999999)"
4535,"(41.7912712, -87.59819279999999)"
4536,"(41.7883413, -87.60496049999999)"
4537,"(41.7726391, -87.7469362)"
4538,"(41.803925, -87.59225699999999)"
4539,"(41.7919425, -87.60283989999999)"
4540,"(41.78796639999999, -87.59953639999999)"
4541,"(41.7913358, -87.5894604)"
4542,"(41.796979, -87.58787500000001)"
4543,"(41.792279, -87.599954)"
4544,"(41.7986738, -87.59972594999999)"
4545,"(41.7898407, -87.5917132)"
4546,"(41.78655070000001, -87.5914852)"
4548,"(41.7892116, -87.60406619999999)"
4549,"(41.7854503, -87.603927)"
4550,"(41.7885151, -87.6040574)"
4551,"(41.7911308, -87.60274969999999)"
4552,"(41.8014455, -87.60338949999999)"
4553,"(41.7892116, -87.60406619999999)"
4554,"(41.7950533, -87.58511670000001)"
4555,"(41.79662300000001, -87.6012514)"
4556,"(41.7964721, -87.6012428)"
4557,"(41.7979351, -87.5893372)"
4558,"(41.7986738, -87.59972594999999)"
4559,"(41.7911308, -87.60274969999999)"
4560,"(41.7912258, -87.5943731)"
4561,"(41.78952109999999, -87.60424909999999)"
4562,"(41.8032804, -87.5836988)"
4563,"(41.795061, -87.5933038)"
4564,"(41.7857468, -87.5917814)"
4565,"(41.8781136, -87.6297982)"
4566,"(41.797875, -87.5952896)"
4567,"(41.78875499999999, -87.6046898)"
4568,"(41.7929823, -87.60100320000001)"
4569,"(41.791296, -87.60616329999999)"
4570,"(41.8781136, -87.6297982)"
4571,"(41.797999600000004, -87.594222)"
4572,"(41.8003036, -87.59348)"
4573,"(41.7954837, -87.58816019999999)"
4574,"(41.7880686, -87.5956212)"
4575,"(41.7912622, -87.5991324)"
4576,"(41.7846534, -87.60485949999999)"
4577,"(41.795057, -87.58297000000002)"
4578,"(41.7964345, -87.58999329999999)"
4579,"(41.7846534, -87.60485949999999)"
4580,"(41.801258, -87.593035)"
4581,"(41.78952109999999, -87.60424909999999)"
4582,"(41.7993748, -87.60131299999999)"
4583,"(41.7856991, -87.5939369)"
4584,"(41.791237, -87.5982604)"
4585,"(41.7854503, -87.603927)"
4586,"(41.7980313, -87.60367)"
4587,"(41.8407652, -87.60757875)"
4588,"(41.7948135, -87.5975445)"
4589,"(41.78677589999999, -87.7521884)"
4590,"(41.8024029, -87.5879358)"
4591,"(41.7846534, -87.60485949999999)"
4592,"(41.7934642, -87.60020039999999)"
4593,0
4594,"(41.7934642, -87.60020039999999)"
4595,"(41.7940762, -87.60170769999999)"
4596,"(41.7880686, -87.5956212)"
4597,"(41.77942420000001, -87.6048483)"
4598,"(41.7934028, -87.60085939999999)"
4599,"(41.785371, -87.59707639999999)"
4600,"(41.78952109999999, -87.60424909999999)"
4601,"(41.7910678, -87.60495069999999)"
4602,"(41.7856696, -87.5960181)"
4603,"(41.792279, -87.599954)"
4604,"(41.792279, -87.599954)"
4605,"(41.78796639999999, -87.59953639999999)"
4606,"(41.7910678, -87.60495069999999)"
4607,"(41.8020249, -87.60165060000001)"
4608,"(41.7881189, -87.5898105)"
4609,"(41.7846534, -87.60485949999999)"
4610,"(41.7948885, -87.59976859999999)"
4611,"(41.7935817, -87.5989699)"
4612,"(41.78319795, -87.5995069)"
4613,"(41.7899689, -87.6052594)"
4614,"(41.7914387, -87.5947875)"
4615,"(41.7895621, -87.601259)"
4616,"(41.7899183, -87.59734110000001)"
4617,"(41.7966863, -87.6041205)"
4618,"(41.7949663, -87.6055836)"
4619,"(41.779113, -87.605515)"
4620,"(41.7910678, -87.60495069999999)"
4621,"(41.7845959, -87.6008803)"
4622,"(41.7934642, -87.60020039999999)"
4623,"(41.78948889999999, -87.60611229999999)"
4624,"(41.7910678, -87.60495069999999)"
4625,"(41.7893749, -87.5931645)"
4627,"(41.7892116, -87.60406619999999)"
4628,"(41.7851676, -87.5985919)"
4629,"(41.792409649999996, -87.59027495)"
4631,"(41.79699350000001, -87.59537639999999)"
4632,"(41.7899183, -87.59734110000001)"
4633,"(41.7883128, -87.6045656)"
4634,"(41.796911, -87.5950886)"
4635,"(41.788239, -87.59051960000001)"
4636,"(41.7912164, -87.5942137)"
4638,"(41.7846534, -87.60485949999999)"
4639,"(41.7910678, -87.60495069999999)"
4640,"(41.7931435, -87.6061982)"
4641,"(41.7910228, -87.6015292)"
4642,"(41.7846534, -87.60485949999999)"
4643,"(41.7846534, -87.60485949999999)"
4644,"(41.7916443, -87.5881545)"
4645,"(41.7899689, -87.6052594)"
4646,"(41.7878636, -87.60211729999999)"
4647,"(41.7940762, -87.60170769999999)"
4648,"(41.80126285, -87.6027089)"
4649,"(41.79219705, -87.5990492)"
4650,"(41.8840362, -87.6301293)"
4651,"(41.7934642, -87.60020039999999)"
4652,"(41.8014455, -87.60338949999999)"
4653,"(41.792279, -87.599954)"
4654,"(41.7944086, -87.5952413)"
4655,"(41.7846534, -87.60485949999999)"
4656,"(41.7891768, -87.60195080000001)"
4657,"(41.7847535, -87.592671)"
4658,"(41.7892116, -87.60406619999999)"
4659,"(41.7940762, -87.60170769999999)"
4660,"(41.79457499999999, -87.601637)"
4661,"(41.7863933, -87.5865953)"
4662,"(41.8001922, -87.59503889999999)"
4663,"(41.78796639999999, -87.59953639999999)"
4664,"(41.7895621, -87.601259)"
4665,"(41.796821, -87.59701600000001)"
4666,"(41.78137245, -87.60248519999999)"
4667,"(41.7905318, -87.5948216)"
4668,"(41.7889661, -87.60093189999999)"
4669,"(41.7854503, -87.603927)"
4670,"(41.79056575, -87.5902304)"
4671,"(41.79478599999999, -87.6005349)"
4672,"(41.7910678, -87.60495069999999)"
4673,"(41.7929725, -87.5999293)"
4674,"(41.7880686, -87.5956212)"
4675,"(41.7819596, -87.6031268)"
4676,"(41.7846534, -87.60485949999999)"
4677,"(41.7919425, -87.60283989999999)"
4678,"(41.7824444, -87.5881606)"
4679,"(41.794332999999995, -87.58251325)"
4680,"(41.7880686, -87.5956212)"
4681,"(41.7877678, -87.5980148)"
4683,"(41.7919425, -87.60283989999999)"
4684,"(41.7913737, -87.60130180000002)"
4685,"(41.7879447, -87.5901755)"
4686,"(41.7928849, -87.7282202)"
4687,"(41.7901748, -87.59914119999999)"
4688,"(41.7845959, -87.6008803)"
4689,"(41.7892116, -87.60406619999999)"
4690,"(41.7977632, -87.601569)"
4691,"(41.7854503, -87.603927)"
4692,"(41.7876879, -87.60606159999999)"
4693,"(41.7892417, -87.59749049999999)"
4694,"(41.7987242, -87.59500704999999)"
4695,"(41.7901841, -87.6045875)"
4696,"(41.78952109999999, -87.60424909999999)"
4697,"(41.7957172, -87.5937557)"
4698,"(41.7892116, -87.60406619999999)"
4699,"(41.7916693, -87.5958002)"
4700,"(41.79662300000001, -87.6012514)"
4701,"(41.7940762, -87.60170769999999)"
4702,"(41.7927938, -87.59843049999999)"
4704,"(41.7846534, -87.60485949999999)"
4705,"(41.79859709999999, -87.6051206)"
4706,"(41.792015, -87.59772199999999)"
4707,"(41.7892417, -87.59749049999999)"
4708,"(41.7934284, -87.5839056)"
4709,"(41.791235, -87.597702)"
4710,"(41.7846534, -87.60485949999999)"
4711,"(41.7846534, -87.60485949999999)"
4713,"(41.7934642, -87.60020039999999)"
4714,"(41.7823115, -87.5962412)"
4715,"(41.794451, -87.59861540000001)"
4716,"(41.78952109999999, -87.60424909999999)"
4717,"(41.7910678, -87.60495069999999)"
4718,"(41.78952109999999, -87.60424909999999)"
4719,"(41.7899183, -87.59734110000001)"
4720,"(41.7891, -87.6020296)"
4721,"(41.7942736, -87.592034)"
4723,"(41.7948135, -87.5975445)"
4724,"(41.78952109999999, -87.60424909999999)"
4725,"(41.7940762, -87.60170769999999)"
4727,"(41.78318105, -87.6011243)"
4728,"(41.7913737, -87.60130180000002)"
4729,"(41.7967483, -87.6022442)"
4730,"(41.7899689, -87.6052594)"
4731,"(41.7805191, -87.5946307)"
4733,"(41.7949493, -87.60720069999999)"
4734,"(41.7882484, -87.5909839)"
4735,"(41.80153519999999, -87.6042027)"
4736,"(41.7954837, -87.58816019999999)"
4737,"(41.7847236, -87.5935628)"
4738,"(41.78952109999999, -87.60424909999999)"
4739,"(41.798777, -87.60083)"
4740,"(41.79931000000001, -87.5919614)"
4741,"(41.7858787, -87.6044278)"
4742,"(41.7902482, -87.5976556)"
4743,"(41.78952109999999, -87.60424909999999)"
4744,"(41.792279, -87.599954)"
4745,"(41.79677455, -87.59037525)"
4746,"(41.7846534, -87.60485949999999)"
4747,"(41.8979303, -87.6228927)"
4748,"(41.7940156, -87.58294990000002)"
4749,"(41.781509, -87.60632199999999)"
4750,"(41.8113172, -87.59708719999999)"
4751,"(41.794168400000004, -87.59572039999999)"
4752,"(41.796511550000005, -87.59658304999999)"
4754,"(41.7892116, -87.60406619999999)"
4755,"(41.7939911, -87.60017909999999)"
4756,"(41.7919425, -87.60283989999999)"
4757,"(41.7911308, -87.60274969999999)"
4758,"(41.7995438, -87.60392439999998)"
4759,"(41.7908817, -87.59603279999999)"
4761,"(41.7940762, -87.60170769999999)"
4762,"(41.8110768, -87.5986561)"
4763,"(41.7911308, -87.60274969999999)"
4764,"(41.8007483, -87.5969348)"
4765,"(41.78952109999999, -87.60424909999999)"
4766,"(41.7892116, -87.60406619999999)"
4767,"(41.791323, -87.593498)"
4768,"(41.7948658, -87.59761429999999)"
4769,"(41.7891369, -87.5954551)"
4770,"(41.7892116, -87.60406619999999)"
4771,"(41.7931785, -87.601339)"
4772,"(41.785371, -87.59707639999999)"
4773,"(41.78952109999999, -87.60424909999999)"
4774,"(41.792279, -87.599954)"
4775,"(41.7937847, -87.5850162)"
4776,"(41.7910678, -87.60495069999999)"
4777,"(41.8021802, -87.59033699999999)"
4779,"(41.7892116, -87.60406619999999)"
4780,"(41.7895109, -87.60498319999999)"
4781,"(41.7846534, -87.60485949999999)"
4782,"(41.7846534, -87.60485949999999)"
4783,"(41.7903948, -87.6038772)"
4784,"(41.7893749, -87.5931645)"
4785,"(41.7993398, -87.5985268)"
4786,"(41.789113, -87.600152)"
4787,"(41.79919049999999, -87.6000656)"
4788,"(41.7853698, -87.6011668)"
4789,"(41.7924259, -87.5977358)"
4790,"(41.789397, -87.59280609999999)"
4791,"(41.782144, -87.5951355)"
4792,"(41.7989676, -87.5895109)"
4793,"(41.7940762, -87.60170769999999)"
4794,"(41.7904919, -87.6009826)"
4795,"(41.8001922, -87.59503889999999)"
4796,"(41.7846534, -87.60485949999999)"
4797,"(41.7940762, -87.60170769999999)"
4798,"(41.8729747, -87.61730829999999)"
4799,"(41.79948400000001, -87.5925496)"
4800,"(41.8017253, -87.5923473)"
4801,"(41.7940762, -87.60170769999999)"
4802,"(41.7911308, -87.60274969999999)"
4803,"(41.7892116, -87.60406619999999)"
4804,"(41.7940762, -87.60170769999999)"
4805,"(41.78319795, -87.5995069)"
4806,"(41.7989676, -87.5895109)"
4807,"(41.7987031, -87.59662624999999)"
4808,"(41.7846534, -87.60485949999999)"
4809,"(41.7927753, -87.6009785)"
4810,"(41.785973, -87.600983)"
4811,"(41.792279, -87.599954)"
4812,"(41.7993748, -87.60131299999999)"
4813,"(41.78407, -87.59056799999999)"
4814,"(41.79051535000001, -87.59643255)"
4815,"(41.7886079, -87.5987133)"
4816,"(41.78952109999999, -87.60424909999999)"
4817,"(41.7934028, -87.60085939999999)"
4818,"(41.7951353, -87.58843139999999)"
4819,"(41.7883128, -87.6045656)"
4820,"(41.7851676, -87.5985919)"
4821,"(41.816469, -87.60484799999999)"
4822,"(41.7890602, -87.60645459999999)"
4823,"(41.792279, -87.599954)"
4824,"(41.803925, -87.59225699999999)"
4825,"(41.7797713, -87.5994699)"
4826,"(41.797814, -87.596811)"
4827,"(41.784558, -87.60318930000001)"
4828,"(41.7882484, -87.5909839)"
4829,"(41.7859971, -87.596333)"
4830,"(41.7932285, -87.59813009999999)"
4831,"(41.799796, -87.594741)"
4833,"(41.798073, -87.58810755)"
4834,"(41.797814, -87.596811)"
4835,"(41.7878327, -87.5980149)"
4836,"(41.783983, -87.5981345)"
4837,"(41.7931785, -87.601339)"
4838,"(41.7878419, -87.5914952)"
4839,"(41.7896827, -87.60405019999999)"
4840,"(41.7896474, -87.59087855)"
4841,"(41.7857879, -87.586997)"
4842,"(41.7726391, -87.7469362)"
4843,"(41.797976000000006, -87.59580245)"
4844,"(41.797709, -87.6031514)"
4846,"(41.783983, -87.5981345)"
4847,"(41.790866, -87.596749)"
4848,"(41.7967483, -87.6022442)"
4849,"(41.7858944, -87.60281069999999)"
4850,"(41.8781136, -87.6297982)"
4852,"(41.7910678, -87.60495069999999)"
4853,"(41.8781136, -87.6297982)"
4854,"(41.8860407, -87.63206380000001)"
4855,"(41.782198, -87.595134)"
4856,"(41.7924259, -87.5977358)"
4857,"(41.7979455, -87.5888665)"
4858,"(41.7919425, -87.60283989999999)"
4859,"(41.794766, -87.60163899999999)"
4860,"(41.7912712, -87.59819279999999)"
4862,"(41.7854005, -87.6002883)"
4863,"(41.7892088, -87.6020309)"
4864,"(41.78952109999999, -87.60424909999999)"
4865,"(41.8043547, -87.5854493)"
4866,"(41.782257, -87.58686999999999)"
4867,"(41.7940762, -87.60170769999999)"
4868,"(41.78952109999999, -87.60424909999999)"
4869,"(41.794451, -87.59861540000001)"
4870,"(41.7955712, -87.60568579999999)"
4871,"(41.79457499999999, -87.601637)"
4872,"(41.79457499999999, -87.601637)"
4873,"(41.78964209999999, -87.5866681)"
4874,"(41.7988044, -87.58814319999999)"
4875,"(41.7903948, -87.6038772)"
4876,"(41.7858787, -87.6044278)"
4877,"(41.7859054, -87.5880184)"
4878,"(41.78796639999999, -87.59953639999999)"
4879,"(41.8114819, -87.5945895)"
4880,"(41.805649, -87.59966999999999)"
4881,"(41.7962888, -87.59230869999999)"
4882,"(41.787858, -87.5898745)"
4883,"(41.7888793, -87.6049986)"
4884,"(41.7940762, -87.60170769999999)"
4885,"(41.7910784, -87.6005453)"
4886,"(41.7903948, -87.6038772)"
4887,"(41.7806255, -87.60381369999999)"
4888,"(41.7910678, -87.60495069999999)"
4889,"(41.8074698, -87.59136319999999)"
4890,"(41.7882484, -87.5909839)"
4891,"(41.7976778, -87.60302709999999)"
4892,"(41.7982429, -87.5939592)"
4893,"(41.7946319, -87.5809311)"
4894,"(41.7985237, -87.6009407)"
4895,"(41.794353, -87.6008506)"
4896,"(41.7911308, -87.60274969999999)"
4897,"(41.7940762, -87.60170769999999)"
4898,"(41.7726391, -87.7469362)"
4899,"(41.789113, -87.600152)"
4900,"(41.7927245, -87.59775839999999)"
4902,"(41.796435, -87.58597499999999)"
4903,"(41.7858944, -87.60281069999999)"
4904,"(41.789207, -87.60131799999999)"
4905,"(41.7990328, -87.5889007)"
4906,"(41.7952638, -87.59675360000001)"
4907,"(41.7941207, -87.5842622)"
4908,"(41.7886075, -87.5937902)"
4909,"(41.7935817, -87.5989699)"
4910,"(41.7804132, -87.6046652)"
4911,"(41.7919788, -87.5983645)"
4912,"(41.7880686, -87.5956212)"
4913,"(41.7880686, -87.5956212)"
4914,"(41.792936, -87.60563909999999)"
4915,"(41.7993622, -87.6028358)"
4916,"(41.7891768, -87.60195080000001)"
4917,"(41.7892116, -87.60406619999999)"
4918,"(41.7967979, -87.60627319999999)"
4919,"(41.7883128, -87.6045656)"
4920,"(41.792279, -87.599954)"
4922,"(41.8008548, -87.5850727)"
4923,"(41.80009020000001, -87.5968695)"
4924,"(41.795729, -87.605226)"
4925,"(41.7940762, -87.60170769999999)"
4926,"(41.7845959, -87.6008803)"
4927,"(41.7892116, -87.60406619999999)"
4928,"(41.79662385, -87.60274899999999)"
4929,"(41.78319795, -87.5995069)"
4930,"(41.80423555, -87.59120945000001)"
4931,"(41.78319795, -87.5995069)"
4932,"(41.8781136, -87.6297982)"
4933,"(41.7888793, -87.6049986)"
4934,"(41.7930414, -87.6032714)"
4935,"(41.792279, -87.599954)"
4936,"(41.79209875, -87.5988256)"
4937,"(41.78960720000001, -87.5964144)"
4938,"(41.7966516, -87.5996771)"
4939,"(41.7913737, -87.60130180000002)"
4940,"(41.78802779999999, -87.5939404)"
4941,"(41.792015, -87.59772199999999)"
4942,"(41.792279, -87.599954)"
4943,"(41.7822765, -87.60030205)"
4944,"(41.791281, -87.59609019999999)"
4945,"(41.7974502, -87.6014533)"
4946,"(41.7846534, -87.60485949999999)"
4947,"(41.7940237, -87.5935435)"
4948,"(41.7892116, -87.60406619999999)"
4949,"(41.79894059999999, -87.60424859999999)"
4950,"(41.7856991, -87.5939369)"
4951,"(41.7899689, -87.6052594)"
4952,"(41.7976992, -87.58264045)"
4954,"(41.79457499999999, -87.601637)"
4955,"(41.7958314, -87.5910256)"
4956,"(41.7858787, -87.6044278)"
4957,"(41.7845959, -87.6008803)"
4958,"(41.7850074, -87.60572300000001)"
4959,"(41.77851565, -87.59798425)"
4960,"(41.7940762, -87.60170769999999)"
4961,"(41.7935817, -87.5989699)"
4962,"(41.7985718, -87.5853738)"
4963,"(41.8024077, -87.5905052)"
4964,"(41.782294, -87.6035412)"
4965,"(41.7801825, -87.60227139999999)"
4966,"(41.7910387, -87.59192279999999)"
4967,"(41.78952109999999, -87.60424909999999)"
4968,"(41.800879550000005, -87.59899435)"
4969,"(41.792869, -87.5868373)"
4970,"(41.8007483, -87.5986258)"
4971,"(41.7899689, -87.6052594)"
4972,"(41.8040622, -87.60429219999999)"
4973,"(41.792279, -87.599954)"
4974,"(41.7935817, -87.5989699)"
4975,"(41.7853228, -87.60066069999999)"
4977,"(41.7993748, -87.60131299999999)"
4978,"(41.7846534, -87.60485949999999)"
4980,"(41.7857879, -87.586997)"
4981,"(41.79676844999999, -87.59170409999999)"
4982,"(41.792279, -87.599954)"
4983,"(41.7911308, -87.60274969999999)"
4984,"(41.8024832, -87.5860568)"
4985,"(41.7895653, -87.5873883)"
4986,"(41.79520905, -87.58650044999999)"
4987,"(41.7892116, -87.60406619999999)"
4988,"(41.7845959, -87.6008803)"
4989,"(41.8062723, -87.5972285)"
4990,"(41.7935817, -87.5989699)"
4991,"(41.7857443, -87.59029559999999)"
4992,"(41.7910678, -87.60495069999999)"
4993,"(41.790866, -87.596749)"
4994,"(41.7913198, -87.6060936)"
4995,"(41.7930205, -87.603966)"
4996,"(41.7911308, -87.60274969999999)"
4997,"(41.77874745, -87.5922257)"
4998,"(41.795442, -87.5948993)"
4999,"(41.8095762, -87.60169760000001)"
5000,"(41.7892116, -87.60406619999999)"
5001,"(41.7919788, -87.5983645)"
5002,"(41.792015, -87.59772199999999)"
5003,"(41.7884006, -87.59909929999999)"
5004,"(41.79073959999999, -87.6061512)"
5005,"(41.7882484, -87.5909839)"
5006,"(41.7993748, -87.60131299999999)"
5007,"(41.7853228, -87.60066069999999)"
5008,"(41.7914954, -87.590257)"
5009,"(41.79699350000001, -87.59537639999999)"
5010,"(41.7878702, -87.59637719999999)"
5011,"(41.7858068, -87.59522199999999)"
5012,"(41.7935817, -87.5989699)"
5013,"(41.7846534, -87.60485949999999)"
5014,"(41.78802779999999, -87.5939404)"
5016,"(41.794766, -87.60163899999999)"
5017,"(41.7910678, -87.60495069999999)"
5018,"(41.801992, -87.59396799999999)"
5019,"(41.8021389, -87.5866612)"
5020,"(41.7888793, -87.6049986)"
5021,"(41.7892116, -87.60406619999999)"
5022,"(41.7914235, -87.59645069999999)"
5023,"(41.7979407, -87.59970829999999)"
5024,"(41.7901748, -87.59914119999999)"
5025,"(41.792279, -87.599954)"
5026,"(41.7948658, -87.59761429999999)"
5027,"(41.7929725, -87.5999293)"
5028,"(41.800128, -87.6024853)"
5029,"(41.8781136, -87.6297982)"
5030,"(41.7906102, -87.5976414)"
5032,"(41.78962, -87.58657500000001)"
5033,"(41.7845959, -87.6008803)"
5034,"(41.7846534, -87.60485949999999)"
5035,"(41.7889345, -87.599158)"
5036,"(41.8022031, -87.6064389)"
5037,"(41.7912712, -87.59819279999999)"
5038,"(41.7935256, -87.5925319)"
5039,"(41.792279, -87.599954)"
5040,"(41.7910678, -87.60495069999999)"
5041,"(41.7895653, -87.5873883)"
5042,"(41.7911308, -87.60274969999999)"
5043,"(41.7889661, -87.60093189999999)"
5044,"(41.7912883, -87.5968463)"
5045,"(41.78796639999999, -87.59953639999999)"
5046,"(41.7919425, -87.60283989999999)"
5047,"(41.7845959, -87.6008803)"
5049,"(41.80490935, -87.58428509999999)"
5050,"(41.79457499999999, -87.601637)"
5051,"(41.79664175, -87.58545175)"
5052,"(41.7855187, -87.601897)"
5053,"(41.7922585, -87.6046427)"
5054,"(41.7917026, -87.5977896)"
5055,"(41.794766, -87.60163899999999)"
5056,"(41.78952109999999, -87.60424909999999)"
5057,"(41.7914067, -87.5980738)"
5058,"(41.7888793, -87.6049986)"
5059,"(41.7846534, -87.60485949999999)"
5060,"(41.795189, -87.5968939)"
5061,"(41.7899744, -87.5967447)"
5062,"(41.7807611, -87.5929889)"
5063,"(41.787735, -87.6012294)"
5064,"(41.7904468, -87.60539349999999)"
5065,"(41.7941589, -87.59652399999999)"
5066,"(41.7904468, -87.60539349999999)"
5067,"(41.7995071, -87.5986416)"
5068,"(41.8781136, -87.6297982)"
5069,"(41.7771907, -87.5990865)"
5070,"(41.78796639999999, -87.59953639999999)"
5072,"(41.785371, -87.59707639999999)"
5073,"(41.7895762, -87.60093239999999)"
5074,"(41.7929725, -87.5999293)"
5075,"(41.7853228, -87.60066069999999)"
5076,"(41.7914067, -87.5980738)"
5077,"(41.7880092, -87.5987709)"
5078,"(41.79425759999999, -87.596182)"
5079,"(41.7944548, -87.59166259999999)"
5080,"(41.79441525, -87.5903211)"
5081,"(41.7899689, -87.6052594)"
5082,"(41.79457499999999, -87.601637)"
5083,"(41.7848153, -87.60159809999999)"
5084,"(41.7807129, -87.5881108)"
5085,"(41.7935817, -87.5989699)"
5086,"(41.8078539, -87.59275654999999)"
5087,"(41.7940924, -87.5978035)"
5088,"(41.792279, -87.599954)"
5089,"(41.7785315, -87.5980675)"
5090,"(41.8090409, -87.59410299999999)"
5091,"(41.78962, -87.58657500000001)"
5092,"(41.7956081, -87.6000492)"
5094,"(41.7910678, -87.60495069999999)"
5095,"(41.797626, -87.584437)"
5096,"(41.78401700000001, -87.596716)"
5097,"(41.7900088, -87.60020999999999)"
5099,"(41.7904792, -87.5967462)"
5100,"(41.78952109999999, -87.60424909999999)"
5101,"(41.7857443, -87.59029559999999)"
5102,"(41.7845959, -87.6008803)"
5103,"(41.7927245, -87.59775839999999)"
5104,"(41.78318105, -87.6011243)"
5105,"(41.8027214, -87.5923116)"
5106,"(41.7845959, -87.6008803)"
5107,"(41.7907102, -87.5929261)"
5108,"(41.7982581, -87.5994075)"
5109,"(41.78319795, -87.5995069)"
5110,"(41.798544, -87.582618)"
5111,"(41.7846534, -87.60485949999999)"
5112,"(41.78952109999999, -87.60424909999999)"
5113,"(41.792279, -87.599954)"
5114,"(41.7891369, -87.5954551)"
5115,"(41.7886075, -87.5937902)"
5116,"(41.7935817, -87.5989699)"
5117,"(41.7901841, -87.6045875)"
5118,"(41.7878702, -87.59637719999999)"
5119,"(41.785134, -87.596755)"
5120,"(41.79948645, -87.5921654)"
5121,"(41.7856991, -87.5939369)"
5122,"(41.7901841, -87.6045875)"
5123,"(41.7846534, -87.60485949999999)"
5124,"(41.7879061, -87.60146689999999)"
5125,"(41.7846534, -87.60485949999999)"
5126,"(41.78952109999999, -87.60424909999999)"
5127,"(41.7845959, -87.6008803)"
5128,"(41.7992755, -87.59774940000001)"
5129,"(41.7935817, -87.5989699)"
5130,"(41.7993398, -87.5985268)"
5132,"(41.8031613, -87.6064268)"
5133,"(41.7924259, -87.5977358)"
5136,"(41.8041691, -87.5967428)"
5137,"(41.79178505, -87.68671094999999)"
5138,"(41.80056709999999, -87.5908037)"
5139,"(41.79948645, -87.5921654)"
5140,"(41.792279, -87.599954)"
5141,"(41.7956081, -87.6000492)"
5142,"(41.791235, -87.597702)"
5143,"(41.7951368, -87.5935301)"
5144,"(41.7858644, -87.6060378)"
5145,"(41.7992032, -87.5970741)"
5146,"(41.7883128, -87.6045656)"
5147,"(41.7948135, -87.5975445)"
5148,"(41.78952109999999, -87.60424909999999)"
5149,"(41.7846534, -87.60485949999999)"
5150,"(41.7895621, -87.601259)"
5151,"(41.7845959, -87.6008803)"
5152,"(41.796506, -87.59611699999999)"
5153,"(41.7910784, -87.6005453)"
5154,"(41.7856991, -87.5939369)"
5155,"(41.7888793, -87.6049986)"
5156,"(41.8016875, -87.6035752)"
5157,"(41.7880686, -87.5956212)"
5158,"(41.7901748, -87.59914119999999)"
5159,"(41.78962, -87.58657500000001)"
5160,"(41.7967799, -87.5963024)"
5161,"(41.7924259, -87.5977358)"
5162,"(41.7891768, -87.60195080000001)"
5163,"(41.7954837, -87.58816019999999)"
5164,"(41.7882484, -87.5909839)"
5165,"(41.7951219, -87.59492139999999)"
5166,"(41.7980041, -87.5942436)"
5167,"(41.8060543, -87.5905094)"
5168,"(41.7932285, -87.59813009999999)"
5169,"(41.7982548, -87.59008320000001)"
5170,"(41.79773, -87.599902)"
5171,"(41.8036149, -87.5861726)"
5172,"(41.80405349999999, -87.59136319999999)"
5173,"(41.7903948, -87.6038772)"
5174,"(41.7995438, -87.60392439999998)"
5175,"(41.78834165, -87.59854765)"
5176,"(41.79970100000001, -87.5936495)"
5179,"(41.8781136, -87.6297982)"
5181,"(41.7910678, -87.60495069999999)"
5182,"(41.7948135, -87.5975445)"
5183,"(41.8022824, -87.6041743)"
5184,"(41.7910678, -87.60495069999999)"
5185,"(41.7910678, -87.60495069999999)"
5186,"(41.8042139, -87.5932515)"
5187,"(41.784990449999995, -87.60278745)"
5188,"(41.792015, -87.59772199999999)"
5189,"(41.8040621, -87.606444)"
5190,"(41.7950649, -87.5878062)"
5191,"(41.7901006, -87.59771169999999)"
5192,"(41.78328375, -87.59140335)"
5193,"(41.7893783, -87.6025521)"
5194,"(41.7892116, -87.60406619999999)"
5195,"(41.7950649, -87.5878062)"
5196,"(41.7895463, -87.6036965)"
5198,"(41.7846534, -87.60485949999999)"
5200,"(41.79662385, -87.60274899999999)"
5201,"(41.7940762, -87.60170769999999)"
5202,"(41.78796639999999, -87.59953639999999)"
5203,"(41.78988469999999, -87.5924725)"
5204,"(41.77829759999999, -87.5964212)"
5205,"(41.79659625, -87.58874639999999)"
5206,"(41.7909811, -87.6011781)"
5207,"(41.7950955, -87.58195839999999)"
5208,"(41.7891859, -87.6020307)"
5209,"(41.7889722, -87.59926279999999)"
5210,"(41.7845959, -87.6008803)"
5211,"(41.7899689, -87.6052594)"
5212,"(41.7895621, -87.601259)"
5213,"(41.7889722, -87.59926279999999)"
5214,"(41.7932161, -87.59975829999999)"
5215,"(41.7993175, -87.5898773)"
5216,"(41.7927938, -87.59843049999999)"
5217,"(41.7856991, -87.5939369)"
5218,"(41.7845959, -87.6008803)"
5219,"(41.7910678, -87.60495069999999)"
5220,"(41.7899689, -87.6052594)"
5221,"(41.79029329999999, -87.6016511)"
5222,"(41.79537759999999, -87.5982739)"
5223,"(41.8674896, -87.6273709)"
5224,"(41.798685250000005, -87.5981645)"
5225,"(41.7929725, -87.5999293)"
5226,"(41.7896827, -87.60405019999999)"
5227,"(41.7895762, -87.60093239999999)"
5228,"(41.7920404, -87.5961117)"
5229,"(41.7912883, -87.5968463)"
5230,"(41.7863933, -87.5865953)"
5231,"(41.77657375, -87.5943359)"
5232,"(41.7845959, -87.6008803)"
5233,"(41.7846534, -87.60485949999999)"
5234,"(41.7892116, -87.60406619999999)"
5235,"(41.796511550000005, -87.59658304999999)"
5236,"(41.79677455, -87.59037525)"
5237,"(41.7858886, -87.6034825)"
5238,"(41.7899689, -87.6052594)"
5239,"(41.7999386, -87.5911268)"
5240,"(41.8781136, -87.6297982)"
5241,"(41.791509399999995, -87.58867095)"
5242,"(41.874092, -87.63215009999999)"
5243,"(41.7726391, -87.7469362)"
5244,"(41.7940762, -87.60170769999999)"
5245,"(41.7986738, -87.59972594999999)"
5246,"(41.80768399999999, -87.592311)"
5247,"(41.7924259, -87.5977358)"
5248,"(41.7901022, -87.5905458)"
5249,"(41.7952081, -87.5839381)"
5250,"(41.7913053, -87.5907458)"
5251,"(41.7845959, -87.6008803)"
5252,"(41.7910678, -87.60495069999999)"
5253,"(41.7910678, -87.60495069999999)"
5254,"(41.800879550000005, -87.59899435)"
5255,"(41.79457499999999, -87.601637)"
5256,"(41.7951866, -87.5854166)"
5257,"(41.7880686, -87.5956212)"
5258,"(41.792279, -87.599954)"
5259,"(41.780249, -87.599576)"
5260,"(41.792279, -87.599954)"
5261,"(41.78962, -87.58657500000001)"
5262,"(41.7892116, -87.60406619999999)"
5263,"(41.7879118, -87.6008291)"
5266,"(41.789734, -87.6015371)"
5267,"(41.7913737, -87.60130180000002)"
5268,"(41.796117, -87.60231399999999)"
5269,"(41.7914151, -87.59726225)"
5270,"(41.8068051, -87.5947202)"
5271,"(41.7845959, -87.6008803)"
5272,"(41.7998079, -87.5888552)"
5273,"(41.7880686, -87.5956212)"
5274,"(41.7933652, -87.58787914999999)"
5275,"(41.7858068, -87.59522199999999)"
5276,"(41.7901841, -87.6045875)"
5277,"(41.7909811, -87.6011781)"
5278,"(41.7850859, -87.6024784)"
5280,"(41.7899689, -87.6052594)"
5281,"(41.7846534, -87.60485949999999)"
5282,"(41.795283749999996, -87.5924923)"
5283,"(41.7903948, -87.6038772)"
5284,"(41.78319585, -87.60274795)"
5285,"(41.78952109999999, -87.60424909999999)"
5286,"(41.791237, -87.5982604)"
5287,"(41.785371, -87.59707639999999)"
5288,"(41.7840977, -87.6019547)"
5289,"(41.7946132, -87.5910931)"
5290,"(41.804342, -87.586759)"
5291,"(41.7916469, -87.6034081)"
5292,"(41.7892116, -87.60406619999999)"
5293,"(41.798073, -87.58810755)"
5294,"(41.78952109999999, -87.60424909999999)"
5295,"(41.8007406, -87.588736)"
5296,"(41.797956850000006, -87.597374)"
5297,"(41.7924259, -87.5977358)"
5298,"(41.79662385, -87.60274899999999)"
5299,"(41.7893783, -87.6025521)"
5300,"(41.7910784, -87.6005453)"
5301,"(41.7892116, -87.60406619999999)"
5302,"(41.78729939999999, -87.6060516)"
5303,"(41.7892116, -87.60406619999999)"
5304,"(41.7901841, -87.6045875)"
5305,"(41.8060117, -87.5897826)"
5306,"(41.7846534, -87.60485949999999)"
5307,"(41.7920395, -87.6017426)"
5308,"(41.7903948, -87.6038772)"
5309,"(41.7903948, -87.6038772)"
5311,"(41.7928766, -87.5877352)"
5312,"(41.7910678, -87.60495069999999)"
5313,"(41.7903948, -87.6038772)"
5314,"(41.7851676, -87.5985919)"
5315,"(41.7846534, -87.60485949999999)"
5316,"(41.78952109999999, -87.60424909999999)"
5317,"(41.7857879, -87.586997)"
5318,"(41.7859081, -87.6011825)"
5319,"(41.7996437, -87.5922737)"
5320,"(41.7892116, -87.60406619999999)"
5321,"(41.7847535, -87.592671)"
5322,"(41.7846534, -87.60485949999999)"
5323,"(41.7995091, -87.5855693)"
5324,"(41.8028728, -87.5868866)"
5325,"(41.7846534, -87.60485949999999)"
5326,"(41.7940762, -87.60170769999999)"
5327,"(41.7940762, -87.60170769999999)"
5328,"(41.78401700000001, -87.596716)"
5329,"(41.7948341, -87.6003897)"
5331,"(41.80015590000001, -87.5887777)"
5332,"(41.7919788, -87.5983645)"
5334,"(41.7919788, -87.5983645)"
5335,"(41.7949029, -87.5997687)"
5336,"(41.80217080000001, -87.5867323)"
5337,"(41.7899689, -87.6052594)"
5338,"(41.7878702, -87.59637719999999)"
5339,"(41.7935817, -87.5989699)"
5340,"(41.7805366, -87.5915088)"
5341,"(41.7892116, -87.60406619999999)"
5342,"(41.7899689, -87.6052594)"
5343,"(41.7910784, -87.6005453)"
5344,"(41.7935817, -87.5989699)"
5345,"(41.79550649999999, -87.59168079999999)"
5346,"(41.7895762, -87.60093239999999)"
5347,"(41.78522479999999, -87.600657)"
5348,"(41.7883128, -87.6045656)"
5349,"(41.7955712, -87.60568579999999)"
5350,"(41.7899689, -87.6052594)"
5351,"(41.7864697, -87.59148410000002)"
5352,"(41.781509, -87.60632199999999)"
5353,"(41.8781136, -87.6297982)"
5354,"(41.7945085, -87.601376)"
5355,"(41.7882484, -87.5909839)"
5356,"(41.7919788, -87.5983645)"
5357,"(41.8025966, -87.5974323)"
5358,"(41.7892116, -87.60406619999999)"
5359,"(41.7889722, -87.59926279999999)"
5360,"(41.793823, -87.5848797)"
5361,"(41.7880686, -87.5956212)"
5362,"(41.7940762, -87.60170769999999)"
5363,"(41.7846534, -87.60485949999999)"
5364,"(41.7910678, -87.60495069999999)"
5365,"(41.8074698, -87.59136319999999)"
5366,"(41.7901748, -87.59914119999999)"
5367,"(41.7886079, -87.5987133)"
5368,"(41.7910678, -87.60495069999999)"
5369,"(41.7892116, -87.60406619999999)"
5370,"(41.7939911, -87.60017909999999)"
5371,"(41.79315769999999, -87.59391010000002)"
5372,"(41.7846534, -87.60485949999999)"
5373,"(41.7857443, -87.59029559999999)"
5374,"(41.7846534, -87.60485949999999)"
5375,"(41.8054578, -87.5848134)"
5376,"(41.78952109999999, -87.60424909999999)"
5377,"(41.7859971, -87.596333)"
5378,"(41.78952109999999, -87.60424909999999)"
5379,"(41.7932161, -87.59975829999999)"
5380,"(41.7914067, -87.5980738)"
5381,"(41.7952638, -87.59675360000001)"
5382,"(41.79677455, -87.59037525)"
5383,"(41.78952109999999, -87.60424909999999)"
5384,"(41.7916469, -87.6034081)"
5385,"(41.8008312, -87.5895109)"
5386,"(41.7846534, -87.60485949999999)"
5387,"(41.7889345, -87.599158)"
5388,"(41.7954288, -87.58513169999999)"
5389,"(41.792279, -87.599954)"
5390,"(41.7920395, -87.6017426)"
5391,"(41.7910678, -87.60495069999999)"
5392,"(41.792015, -87.59772199999999)"
5393,"(41.7931435, -87.6061982)"
5394,"(41.7846534, -87.60485949999999)"
5395,"(41.7805355, -87.59305119999999)"
5396,"(41.7977681, -87.585999)"
5397,"(41.79209875, -87.5988256)"
5398,"(41.7877085, -87.6036874)"
5399,"(41.7919425, -87.60283989999999)"
5400,"(41.7919425, -87.60283989999999)"
5401,"(41.78113885, -87.591935)"
5402,"(41.79662300000001, -87.6012514)"
5403,"(41.7924259, -87.5977358)"
5404,"(41.7882484, -87.5909839)"
5405,"(41.7917465, -87.596997)"
5406,"(41.79150105, -87.58963969999999)"
5407,"(41.8024077, -87.5905052)"
5408,"(41.78952109999999, -87.60424909999999)"
5409,"(41.7945129, -87.60084979999999)"
5410,"(41.797976000000006, -87.59580245)"
5411,"(41.7909811, -87.6011781)"
5413,"(41.80032970000001, -87.58745019999999)"
5414,"(41.799513, -87.5897729)"
5415,"(41.7901006, -87.59771169999999)"
5416,"(41.785371, -87.59707639999999)"
5417,"(41.8000045, -87.5877278)"
5418,"(41.792279, -87.599954)"
5419,"(41.7845959, -87.6008803)"
5420,"(41.7910678, -87.60495069999999)"
5421,"(41.797717399999996, -87.604491)"
5422,"(41.7952373, -87.5808381)"
5423,"(41.7909811, -87.6011781)"
5424,"(41.7846534, -87.60485949999999)"
5425,"(41.7889722, -87.59926279999999)"
5426,"(41.7846534, -87.60485949999999)"
5427,"(41.792279, -87.599954)"
5428,"(41.782064, -87.601567)"
5429,"(41.7935817, -87.5989699)"
5430,"(41.7185753, -87.599488)"
5431,"(41.7854005, -87.6002883)"
5432,"(41.7940762, -87.60170769999999)"
5433,"(41.7992785, -87.59230869999999)"
5434,"(41.7882484, -87.5909839)"
5435,"(41.792279, -87.599954)"
5436,"(41.7919788, -87.5983645)"
5437,"(41.80126285, -87.6027089)"
5438,"(41.7940762, -87.60170769999999)"
5439,"(41.7888793, -87.6049986)"
5440,"(41.7899689, -87.6052594)"
5441,"(41.7901748, -87.59914119999999)"
5442,"(41.7923406, -87.59647085)"
5443,"(41.8022824, -87.6041743)"
5444,"(41.7964345, -87.58999329999999)"
5445,"(41.7910759, -87.590616)"
5446,"(41.7964345, -87.58999329999999)"
5447,"(41.8027214, -87.5923116)"
5448,"(41.795729, -87.605226)"
5449,"(41.7951834, -87.58800785)"
5450,"(41.794168400000004, -87.59572039999999)"
5451,"(41.7986738, -87.59972594999999)"
5453,"(41.7886075, -87.5937902)"
5454,"(41.957897, -87.724722)"
5455,"(41.7949367, -87.60623540000002)"
5456,"(41.7912712, -87.59819279999999)"
5457,"(41.8068755, -87.59922015)"
5458,"(41.791509399999995, -87.58867095)"
5459,"(41.81784589999999, -87.6021863)"
5460,"(41.8020249, -87.60165060000001)"
5461,"(41.81784589999999, -87.6021863)"
5462,"(41.7888793, -87.6049986)"
5463,"(41.7944548, -87.59166259999999)"
5464,"(41.792279, -87.599954)"
5465,"(41.7954837, -87.58816019999999)"
5466,"(41.7879118, -87.6008291)"
5467,"(41.7929725, -87.5999293)"
5468,"(41.80016875, -87.59666179999999)"
5469,"(41.7931785, -87.601339)"
5470,"(41.7913737, -87.60130180000002)"
5471,"(41.7941993, -87.59490259999998)"
5472,"(41.8010801, -87.5981002)"
5473,"(41.7942429, -87.582397)"
5474,"(41.7911902, -87.6040112)"
5475,"(41.7899689, -87.6052594)"
5476,"(41.7845959, -87.6008803)"
5477,"(41.8140223, -87.6086873)"
5478,"(41.7853843, -87.6048799)"
5479,"(41.7857468, -87.5917814)"
5480,"(41.78318105, -87.6011243)"
5481,"(41.7934284, -87.5839056)"
5482,"(41.796511550000005, -87.59658304999999)"
5483,"(41.7987741, -87.59198800000001)"
5484,"(41.79948645, -87.5921654)"
5485,"(41.79662300000001, -87.6012514)"
5487,"(41.7853698, -87.6011668)"
5488,"(41.7805355, -87.59305119999999)"
5489,"(41.7940762, -87.60170769999999)"
5490,"(41.794161, -87.60192289999999)"
5491,"(41.7903948, -87.6038772)"
5492,"(41.7886075, -87.5937902)"
5493,"(41.792279, -87.599954)"
5494,"(41.7901022, -87.5905458)"
5495,"(41.7895762, -87.60093239999999)"
5496,"(41.7910678, -87.60495069999999)"
5497,"(41.7912712, -87.59819279999999)"
5498,"(41.8008589, -87.5863095)"
5499,"(41.7847535, -87.592671)"
5500,"(41.7948135, -87.5975445)"
5501,"(41.8148683, -87.6127988)"
5502,"(41.79140599999999, -87.598282)"
5503,"(41.7853843, -87.6048799)"
5504,"(41.7929725, -87.5999293)"
5505,"(41.792279, -87.599954)"
5506,"(41.7935817, -87.5989699)"
5507,"(41.8008025, -87.5909195)"
5508,"(41.79351339999999, -87.5960709)"
5509,"(41.7959781, -87.59869555)"
5510,"(41.8057901, -87.6019564)"
5511,"(41.7882484, -87.5909839)"
5512,"(41.79814140000001, -87.5890903)"
5513,"(41.7940762, -87.60170769999999)"
5514,"(41.80026865, -87.58849129999999)"
5515,"(41.7940762, -87.60170769999999)"
5516,"(41.7889661, -87.60093189999999)"
5517,"(41.7846534, -87.60485949999999)"
5518,"(41.79646285, -87.6019986)"
5519,"(41.7987242, -87.59500704999999)"
5520,"(41.7858787, -87.6044278)"
5522,"(41.8007483, -87.5969348)"
5523,"(41.7895621, -87.601259)"
5524,"(41.7854005, -87.6002883)"
5525,"(41.7953593, -87.6038059)"
5526,"(41.78952109999999, -87.60424909999999)"
5527,"(41.7910678, -87.60495069999999)"
5528,"(41.7889722, -87.59926279999999)"
5529,"(41.792015, -87.59772199999999)"
5530,"(41.8027214, -87.5923116)"
5531,"(41.7988363, -87.5854988)"
5532,"(41.7835697, -87.5983904)"
5533,"(41.7891369, -87.5954551)"
5534,"(41.78517129999999, -87.598073)"
5535,"(41.7927245, -87.59775839999999)"
5536,"(41.7960582, -87.57910179999999)"
5537,"(41.80016875, -87.59666179999999)"
5538,"(41.7773142, -87.5866483)"
5539,"(41.7891369, -87.5954551)"
5540,"(41.7962299, -87.6015883)"
5543,"(41.79662300000001, -87.6012514)"
5544,"(41.7998748, -87.589479)"
5545,"(41.7987031, -87.59662624999999)"
5546,"(41.790151, -87.598534)"
5547,"(41.7940762, -87.60170769999999)"
5548,"(41.7878702, -87.59637719999999)"
5549,"(41.803278500000005, -87.59645069999999)"
5550,"(41.799292, -87.5897063)"
5551,"(41.7941207, -87.5842622)"
5552,"(41.7912614, -87.59920749999999)"
5553,"(41.790225, -87.60255599999999)"
5554,"(41.7909142, -87.5982633)"
5555,"(41.7913053, -87.5907458)"
5556,"(41.803278500000005, -87.59645069999999)"
5557,"(41.79665184999999, -87.5996826)"
5558,"(41.78952109999999, -87.60424909999999)"
5559,"(41.7931785, -87.601339)"
5560,"(41.6631953, -87.6546589)"
5561,"(41.797626, -87.584437)"
5562,"(41.7846298, -87.60484699999999)"
5563,"(41.7845959, -87.6008803)"
5564,"(41.7935817, -87.5989699)"
5565,"(41.7910678, -87.60495069999999)"
5566,"(41.7929725, -87.5999293)"
5567,"(41.7889345, -87.599158)"
5568,"(41.7995452, -87.5873447)"
5569,"(41.7993347, -87.597869)"
5570,"(41.7878409, -87.5980149)"
5571,"(41.789522, -87.59281279999999)"
5572,"(41.7892116, -87.60406619999999)"
5573,"(41.7835697, -87.5983904)"
5574,"(41.792015, -87.59772199999999)"
5575,"(41.7912614, -87.59920749999999)"
5576,"(41.78952109999999, -87.60424909999999)"
5577,"(41.7856991, -87.5939369)"
5578,"(41.7892116, -87.60406619999999)"
5579,"(41.7910678, -87.60495069999999)"
5580,"(41.7857468, -87.5917814)"
5581,"(41.7901748, -87.59914119999999)"
5582,"(41.7883128, -87.6045656)"
5583,"(41.78952109999999, -87.60424909999999)"
5584,"(41.78962, -87.58657500000001)"
5585,"(41.788344, -87.60090319999999)"
5586,"(41.7846534, -87.60485949999999)"
5587,"(41.7916469, -87.6034081)"
5588,"(41.7955712, -87.60568579999999)"
5589,"(41.79728385, -87.59197309999999)"
5590,"(41.7879118, -87.6008291)"
5591,"(41.7883128, -87.6045656)"
5592,"(41.802493, -87.5874906)"
5593,"(41.7945129, -87.60084979999999)"
5594,"(41.7892116, -87.60406619999999)"
5595,"(41.807483, -87.606905)"
5596,"(41.7941444, -87.618985)"
5597,"(41.7857443, -87.59029559999999)"
5598,"(41.7877085, -87.6036874)"
5599,"(41.7935817, -87.5989699)"
5600,"(41.7880686, -87.5956212)"
5601,"(41.7903948, -87.6038772)"
5602,"(41.7839783, -87.5970268)"
5603,"(41.7995091, -87.5855693)"
5604,"(41.7932161, -87.59975829999999)"
5605,"(41.7990617, -87.6070665)"
5606,"(41.78952109999999, -87.60424909999999)"
5607,"(41.798759649999994, -87.59175429999999)"
5608,"(41.7899689, -87.6052594)"
5609,"(41.76586560000001, -87.5982701)"
5610,"(41.8038798, -87.6029976)"
5611,"(41.7863933, -87.5865953)"
5612,"(41.785371, -87.59707639999999)"
5613,"(41.7879118, -87.6008291)"
5614,"(41.7895762, -87.60093239999999)"
5615,"(41.8008584, -87.5880251)"
5616,"(41.7892116, -87.60406619999999)"
5617,"(41.7987031, -87.59662624999999)"
5618,"(41.78952109999999, -87.60424909999999)"
5619,"(41.782064, -87.601567)"
5620,"(41.7910678, -87.60495069999999)"
5621,"(41.7910784, -87.6005453)"
5622,"(41.7910784, -87.6005453)"
5623,"(41.7910678, -87.60495069999999)"
5624,"(41.78796639999999, -87.59953639999999)"
5625,"(41.79792, -87.60125649999999)"
5626,"(41.7948135, -87.5975445)"
5627,"(41.7846534, -87.60485949999999)"
5628,"(41.79879605, -87.58861389999998)"
5629,"(41.79457499999999, -87.601637)"
5630,"(41.8026246, -87.605874)"
5631,"(41.7946132, -87.5910931)"
5632,"(41.79457499999999, -87.601637)"
5633,"(41.803223900000006, -87.59659690000001)"
5634,"(41.7900088, -87.60020999999999)"
5635,"(41.7987741, -87.59198800000001)"
5636,"(41.7882484, -87.5909839)"
5637,"(41.7927938, -87.59843049999999)"
5638,"(41.8022031, -87.6064389)"
5639,"(41.8058337, -87.6043959)"
5640,"(41.7861664, -87.591481)"
5641,"(41.7914308, -87.58826549999999)"
5642,"(41.7988363, -87.5854988)"
5643,"(41.79457499999999, -87.601637)"
5644,"(41.7974227, -87.59270339999999)"
5645,"(41.78796639999999, -87.59953639999999)"
5646,"(41.780743, -87.600607)"
5647,"(41.8074698, -87.59136319999999)"
5648,"(41.7912712, -87.59819279999999)"
5649,"(41.7912614, -87.59920749999999)"
5650,"(41.780214, -87.603217)"
5651,"(41.792279, -87.599954)"
5652,"(41.7912712, -87.59819279999999)"
5653,"(41.79662300000001, -87.6012514)"
5654,"(41.7919788, -87.5983645)"
5655,"(41.7927938, -87.59843049999999)"
5656,"(41.7892116, -87.60406619999999)"
5657,"(41.78332, -87.593564)"
5658,"(41.7859296, -87.59794029999999)"
5659,"(41.791573, -87.605226)"
5661,"(41.7896827, -87.60405019999999)"
5662,"(41.7899689, -87.6052594)"
5663,"(41.7986738, -87.59972594999999)"
5665,"(41.813101, -87.6022)"
5666,"(41.797814, -87.596811)"
5667,"(41.7845959, -87.6008803)"
5668,"(41.7804288, -87.60167030000001)"
5669,"(41.7888793, -87.6049986)"
5670,"(41.78094309999999, -87.5926379)"
5671,"(41.795189, -87.5968939)"
5672,"(41.78952109999999, -87.60424909999999)"
5673,"(41.800679, -87.592269)"
5674,"(41.7846534, -87.60485949999999)"
5675,"(41.7886079, -87.5987133)"
5676,"(41.7954288, -87.58513169999999)"
5677,"(41.7954937, -87.5895459)"
5678,"(41.7882484, -87.5909839)"
5679,"(41.7878526, -87.5901739)"
5680,"(41.7998964, -87.58856159999999)"
5681,"(41.7901748, -87.59914119999999)"
5682,"(41.8032729, -87.5867421)"
5683,"(41.793902, -87.60163299999999)"
5684,"(41.7940762, -87.60170769999999)"
5685,"(41.7845959, -87.6008803)"
5686,"(41.7919788, -87.5983645)"
5687,"(41.7940762, -87.60170769999999)"
5688,"(41.7912712, -87.59819279999999)"
5689,"(41.789734, -87.6015371)"
5690,"(41.7934642, -87.60020039999999)"
5691,"(41.792279, -87.599954)"
5692,"(41.7956081, -87.6000492)"
5693,"(41.7858644, -87.6060378)"
5694,"(41.797853, -87.5929515)"
5695,"(41.8023241, -87.5982623)"
5696,"(41.7903948, -87.6038772)"
5697,"(41.801798, -87.6009119)"
5698,"(41.7919425, -87.60283989999999)"
5699,"(41.7892116, -87.60406619999999)"
5700,"(41.7913198, -87.6060936)"
5701,"(41.7922585, -87.6046427)"
5702,"(41.7859027, -87.60197389999999)"
5703,"(41.798079, -87.60579299999999)"
5704,"(41.7954837, -87.58816019999999)"
5705,"(41.7924259, -87.5977358)"
5706,"(41.7854503, -87.603927)"
5707,"(41.78952109999999, -87.60424909999999)"
5708,"(41.7992332, -87.5913272)"
5709,"(41.7929725, -87.5999293)"
5710,"(41.7846534, -87.60485949999999)"
5711,"(41.7878409, -87.5980149)"
5712,"(41.785686, -87.5910433)"
5713,"(41.8249633, -87.6038969)"
5714,"(41.792279, -87.599954)"
5715,"(41.7901437, -87.59606149999999)"
5716,"(41.7916743, -87.58981960000001)"
5717,"(41.7846534, -87.60485949999999)"
5718,"(41.8001922, -87.59503889999999)"
5719,"(41.791551, -87.5867215)"
5720,"(41.7880686, -87.5956212)"
5721,"(41.78869700000001, -87.6006031)"
5722,"(41.7807699, -87.592259)"
5723,"(41.7903486, -87.5976735)"
5724,"(41.7878636, -87.60211729999999)"
5725,"(41.7929823, -87.60100320000001)"
5726,"(41.7816721, -87.59342769999999)"
5727,"(41.7892116, -87.60406619999999)"
5728,"(41.7910678, -87.60495069999999)"
5729,"(41.794332999999995, -87.58251325)"
5730,"(41.7934596, -87.58249409999999)"
5731,"(41.7966304, -87.6053601)"
5732,"(41.7949263, -87.5799447)"
5733,"(41.7913123, -87.6061636)"
5734,"(41.7924259, -87.5977358)"
5735,"(41.7841996, -87.5930955)"
5736,"(41.7726391, -87.7469362)"
5737,"(41.813007, -87.60502799999999)"
5738,"(41.7895289, -87.603697)"
5739,"(41.785686, -87.5910433)"
5740,"(41.7899689, -87.6052594)"
5741,"(41.7726391, -87.7469362)"
5742,"(41.8024029, -87.5879358)"
5743,"(41.7882484, -87.5909839)"
5744,"(41.8013619, -87.5851885)"
5745,"(41.8004197, -87.58818959999999)"
5746,"(41.7901748, -87.59914119999999)"
5747,"(41.7901841, -87.6045875)"
5748,"(41.7884006, -87.59909929999999)"
5749,"(41.8095052, -87.6077974)"
5750,"(41.7892116, -87.60406619999999)"
5751,"(41.7910678, -87.60495069999999)"
5752,"(41.7898637, -87.60276669999999)"
5753,"(41.8781136, -87.6297982)"
5754,"(41.791235, -87.597702)"
5755,"(41.80016875, -87.59666179999999)"
5756,"(41.8033751, -87.5867708)"
5759,"(41.7845959, -87.6008803)"
5760,"(41.8781136, -87.6297982)"
5761,"(41.80061000000001, -87.60318699999999)"
5762,"(41.796083249999995, -87.603828)"
5763,"(41.8004822, -87.5843696)"
5764,"(41.791322, -87.5892109)"
5765,"(41.79662300000001, -87.6012514)"
5766,"(41.7932161, -87.59975829999999)"
5767,"(41.7855187, -87.601897)"
5768,"(41.7888793, -87.6049986)"
5769,"(41.7854005, -87.6002883)"
5770,"(41.7954837, -87.58816019999999)"
5771,"(41.7955712, -87.60568579999999)"
5772,"(41.79699350000001, -87.59537639999999)"
5773,"(41.7929725, -87.5999293)"
5775,"(41.7916469, -87.6034081)"
5776,"(41.790866, -87.596749)"
5777,"(41.7910678, -87.60495069999999)"
5778,"(41.799292, -87.5897063)"
5779,"(41.7927938, -87.59843049999999)"
5780,"(41.7901748, -87.59914119999999)"
5781,"(41.7940762, -87.60170769999999)"
5782,"(41.7979351, -87.5893372)"
5783,"(41.78952109999999, -87.60424909999999)"
5784,"(41.799513, -87.5897729)"
5785,"(41.7952081, -87.5839381)"
5786,"(41.7946132, -87.5910931)"
5787,"(41.8014455, -87.60338949999999)"
5788,"(41.7934284, -87.5839056)"
5789,"(41.7901437, -87.59606149999999)"
5790,"(41.7934596, -87.58249409999999)"
5791,"(41.7880686, -87.5956212)"
5792,"(41.7998748, -87.589479)"
5793,"(41.7856991, -87.5939369)"
5794,"(41.7854503, -87.603927)"
5796,"(41.7895293, -87.6036274)"
5797,"(41.797814, -87.596811)"
5798,"(41.7889661, -87.60093189999999)"
5799,"(41.7891369, -87.5954551)"
5800,"(41.792015, -87.59772199999999)"
5801,"(41.7892116, -87.60406619999999)"
5802,"(41.78802779999999, -87.5939404)"
5803,"(41.7892116, -87.60406619999999)"
5804,"(41.800279700000004, -87.58737529999999)"
5805,"(41.7986738, -87.59972594999999)"
5806,"(41.7858787, -87.6044278)"
5807,"(41.7910678, -87.60495069999999)"
5808,"(41.7934028, -87.60085939999999)"
5809,"(41.8006776, -87.6059717)"
5810,"(41.80100100000001, -87.58458300000001)"
5811,"(41.7949533, -87.58937854999999)"
5812,"(41.7919425, -87.60283989999999)"
5813,"(41.7912278, -87.587041)"
5814,"(41.7954288, -87.58513169999999)"
5815,"(41.7999895, -87.5959738)"
5816,"(41.7880686, -87.5956212)"
5817,"(41.796510749999996, -87.59733825)"
5818,"(41.80026774999999, -87.5886408)"
5819,"(41.7893783, -87.6025521)"
5820,"(41.7993622, -87.6028358)"
5821,"(41.794155149999995, -87.5983306)"
5822,"(41.7892116, -87.60406619999999)"
5823,"(41.8022475, -87.58534379999999)"
5824,"(41.7913737, -87.60130180000002)"
5825,"(41.797709, -87.6031514)"
5826,"(41.8032804, -87.5836988)"
5827,"(41.7894277, -87.602471)"
5829,"(41.7919425, -87.60283989999999)"
5830,"(41.7961907, -87.5885461)"
5831,"(41.7888793, -87.6049986)"
5832,"(41.7895653, -87.5873883)"
5833,"(41.7892116, -87.60406619999999)"
5834,"(41.8109007, -87.6048649)"
5835,"(41.7851523, -87.5941115)"
5836,"(41.79178505, -87.68671094999999)"
5838,"(41.7854503, -87.603927)"
5839,"(41.7919788, -87.5983645)"
5840,"(41.7899689, -87.6052594)"
5841,"(41.7934028, -87.60085939999999)"
5842,"(41.7880876, -87.5896075)"
5843,"(41.7911308, -87.60274969999999)"
5844,"(41.7858787, -87.6044278)"
5845,"(41.7846534, -87.60485949999999)"
5846,"(41.7912616, -87.5991968)"
5847,"(41.7882484, -87.5909839)"
5848,"(41.7899689, -87.6052594)"
5849,"(41.7919425, -87.60283989999999)"
5850,"(41.789207, -87.60131799999999)"
5851,"(41.78137245, -87.60248519999999)"
5852,"(41.7882484, -87.5909839)"
5853,"(41.7845959, -87.6008803)"
5854,"(41.782198, -87.595134)"
5855,"(41.7992939, -87.5844443)"
5856,"(41.78952109999999, -87.60424909999999)"
5857,"(41.80021980000001, -87.58925289999999)"
5859,"(41.7934028, -87.60085939999999)"
5860,"(41.7895621, -87.601259)"
5861,"(41.79931000000001, -87.5919614)"
5862,"(41.7839183, -87.6031019)"
5863,"(41.797709, -87.6031514)"
5864,"(41.7912712, -87.59819279999999)"
5865,"(41.7892116, -87.60406619999999)"
5866,"(41.7910678, -87.60495069999999)"
5867,"(41.7856991, -87.5939369)"
5868,"(41.79948400000001, -87.5925456)"
5869,"(41.799523, -87.58994905)"
5870,"(41.7910678, -87.60495069999999)"
5871,"(41.7901841, -87.6045875)"
5872,"(41.7883128, -87.6045656)"
5873,"(41.7846534, -87.60485949999999)"
5874,"(41.790225, -87.60255599999999)"
5875,"(41.7933761, -87.60516000000001)"
5876,"(41.7939859, -87.6008615)"
5877,"(41.7880686, -87.5956212)"
5878,"(41.7832785, -87.59025)"
5879,"(41.7910678, -87.60495069999999)"
5880,"(41.7982805, -87.5888318)"
5881,"(41.7845959, -87.6008803)"
5882,"(41.79974300000001, -87.5894891)"
5883,"(41.7859081, -87.6011825)"
5884,"(41.7858445, -87.59280559999999)"
5885,"(41.7784487, -87.59167409999999)"
5886,"(41.78414655, -87.59551644999999)"
5887,"(41.7846534, -87.60485949999999)"
5888,"(41.7845959, -87.6008803)"
5889,"(41.77951285, -87.59794185)"
5891,"(41.7846534, -87.60485949999999)"
5892,"(41.7916469, -87.6034081)"
5893,"(41.7892116, -87.60406619999999)"
5894,"(41.7910678, -87.60495069999999)"
5895,"(41.7892116, -87.60406619999999)"
5896,"(41.7942285, -87.58100370000001)"
5897,"(41.78952109999999, -87.60424909999999)"
5898,"(41.7845959, -87.6008803)"
5899,"(41.7886421, -87.5927603)"
5900,"(41.7932161, -87.59975829999999)"
5901,"(41.7877085, -87.6036874)"
5902,"(41.7845959, -87.6008803)"
5903,"(41.7955712, -87.60568579999999)"
5904,"(41.8017253, -87.5923473)"
5905,"(41.7911308, -87.60274969999999)"
5906,"(41.792984, -87.6024664)"
5907,"(41.792279, -87.599954)"
5908,"(41.7892116, -87.60406619999999)"
5909,"(41.7911308, -87.60274969999999)"
5910,"(41.7940762, -87.60170769999999)"
5911,"(41.7888793, -87.6049986)"
5912,"(41.7899689, -87.6052594)"
5913,"(41.81574, -87.60026099999999)"
5914,"(41.79616499999999, -87.59102)"
5915,"(41.7848153, -87.60159809999999)"
5916,"(41.7919788, -87.5983645)"
5917,"(41.7986283, -87.60390369999999)"
5918,"(41.7892116, -87.60406619999999)"
5919,"(41.7858068, -87.59522199999999)"
5920,"(41.7904919, -87.6009826)"
5921,"(41.7894277, -87.602471)"
5922,"(41.7899689, -87.6052594)"
5923,"(41.7878636, -87.60211729999999)"
5925,"(41.797963, -87.5966091)"
5926,"(41.7955712, -87.60568579999999)"
5927,"(41.78869700000001, -87.6006031)"
5928,"(41.7899689, -87.6052594)"
5929,"(41.7888297, -87.59125259999999)"
5930,"(41.7910678, -87.60495069999999)"
5931,"(41.7824402, -87.6065361)"
5932,"(41.7916469, -87.6034081)"
5933,"(41.7901841, -87.6045875)"
5934,"(41.7977632, -87.601569)"
5935,"(41.781123, -87.59511499999999)"
5936,"(41.7914067, -87.5980738)"
5938,"(41.7877085, -87.6036874)"
5939,"(41.7883413, -87.60496049999999)"
5940,"(41.7910678, -87.60495069999999)"
5943,"(41.8126196, -87.6028422)"
5944,"(41.78952109999999, -87.60424909999999)"
5945,"(41.7951368, -87.5935301)"
5948,"(41.795729, -87.605226)"
5949,"(41.7910678, -87.60495069999999)"
5950,"(41.7840675, -87.6043861)"
5951,"(41.7895239, -87.59097729999999)"
5952,"(41.7854503, -87.603927)"
5953,"(41.7825474, -87.593777)"
5954,"(41.7896827, -87.60405019999999)"
5955,"(41.78952109999999, -87.60424909999999)"
5956,"(41.79244415000001, -87.60124485)"
5957,"(41.79662300000001, -87.6012514)"
5958,"(41.78952109999999, -87.60424909999999)"
5959,"(41.7919788, -87.5983645)"
5962,"(41.7949629, -87.60569339999999)"
5963,"(41.7949629, -87.60569339999999)"
5964,"(41.7847535, -87.592671)"
5965,"(41.78952109999999, -87.60424909999999)"
5966,"(41.7901841, -87.6045875)"
5967,"(41.7940762, -87.60170769999999)"
5969,"(41.7901748, -87.59914119999999)"
5970,"(41.7846534, -87.60485949999999)"
5971,"(41.7910678, -87.60495069999999)"
5972,"(41.78952109999999, -87.60424909999999)"
5973,"(41.8781136, -87.6297982)"
5974,"(41.7895621, -87.601259)"
5975,"(41.7895314, -87.6032692)"
5976,"(41.7895033, -87.6061134)"
5977,"(41.7910678, -87.60495069999999)"
5978,"(41.7892116, -87.60406619999999)"
5979,"(41.7845959, -87.6008803)"
5980,"(41.78952109999999, -87.60424909999999)"
5981,"(41.7883128, -87.6045656)"
5982,"(41.7893749, -87.5931645)"
5983,"(41.7846534, -87.60485949999999)"
5984,"(41.7910678, -87.60495069999999)"
5985,"(41.7846534, -87.60485949999999)"
5986,"(41.7903948, -87.6038772)"
5987,"(41.7977632, -87.601569)"
5988,"(41.797916900000004, -87.60203515)"
5989,"(41.79677015, -87.5985384)"
5990,"(41.8781136, -87.6297982)"
5991,"(41.7901841, -87.6045875)"
5992,"(41.7888793, -87.6049986)"
5993,"(41.7846534, -87.60485949999999)"
5994,"(41.7846534, -87.60485949999999)"
5995,"(41.7899183, -87.59734110000001)"
5996,"(41.7846534, -87.60485949999999)"
5997,"(41.7910678, -87.60495069999999)"
5999,"(41.7953275, -87.601126)"
6000,"(41.789207, -87.60131799999999)"
6002,"(41.7898637, -87.60276669999999)"
6003,"(41.78952109999999, -87.60424909999999)"
6004,"(41.7916469, -87.6034081)"
6005,"(41.7916469, -87.6034081)"
6006,"(41.78952109999999, -87.60424909999999)"
6007,"(41.7892116, -87.60406619999999)"
6008,"(41.79255360000001, -87.6040574)"
6009,"(41.7895762, -87.60093239999999)"
6010,"(41.7846534, -87.60485949999999)"
6011,"(41.8019635, -87.591672)"
6012,"(41.792989, -87.60255839999999)"
6014,"(41.7910678, -87.60495069999999)"
6015,"(41.7977012, -87.60352999999999)"
6016,"(41.7846534, -87.60485949999999)"
6017,"(41.7846534, -87.60485949999999)"
6018,"(41.7940762, -87.60170769999999)"
6019,"(41.7916469, -87.6034081)"
6020,"(41.7846534, -87.60485949999999)"
6021,"(41.7961907, -87.5885461)"
6022,"(41.7940762, -87.60170769999999)"
6023,"(41.7935817, -87.5989699)"
6025,"(41.7927245, -87.59775839999999)"
6026,"(41.785686, -87.5910433)"
6027,"(41.7883128, -87.6045656)"
6028,"(41.788344, -87.60090319999999)"
6029,"(41.7910678, -87.60495069999999)"
6030,"(41.7903948, -87.6038772)"
6031,"(41.7935817, -87.5989699)"
6032,"(41.7930585, -87.5977747)"
6033,"(41.7940762, -87.60170769999999)"
6034,"(41.7964345, -87.58999329999999)"
6035,"(41.790161499999996, -87.59857715)"
6036,"(41.7863933, -87.5865953)"
6037,"(41.7912712, -87.59819279999999)"
6038,"(41.7880686, -87.5956212)"
6039,"(41.7911308, -87.60274969999999)"
6040,"(41.7914067, -87.5980738)"
6041,"(41.7916469, -87.6034081)"
6042,"(41.7912712, -87.59819279999999)"
6043,"(41.7854503, -87.603927)"
6044,"(41.8781136, -87.6297982)"
6045,"(41.7951219, -87.59492139999999)"
6046,"(41.7993768, -87.6028362)"
6047,"(41.7839183, -87.6031019)"
6048,"(41.7929725, -87.5999293)"
6049,"(41.7839108, -87.6048228)"
6050,"(41.7888793, -87.6049986)"
6051,"(41.792015, -87.59772199999999)"
6052,"(41.792015, -87.59772199999999)"
6053,"(41.792409649999996, -87.59027495)"
6054,"(41.7846534, -87.60485949999999)"
6055,"(41.7910678, -87.60495069999999)"
6056,"(41.7882484, -87.5909839)"
6057,"(41.7934152, -87.5976428)"
6058,"(41.7919788, -87.5983645)"
6060,"(41.79255360000001, -87.6040574)"
6061,"(41.792869, -87.5868373)"
6062,"(41.78952109999999, -87.60424909999999)"
6063,"(41.793212499999996, -87.59973475)"
6065,"(41.7901516, -87.6010282)"
6066,"(41.7972158, -87.6031355)"
6067,"(41.7940762, -87.60170769999999)"
6068,"(41.7940762, -87.60170769999999)"
6069,"(41.7091125, -87.802995)"
6070,"(41.7912365, -87.598449)"
6071,"(41.7901841, -87.6045875)"
6072,"(41.7853228, -87.60066069999999)"
6073,"(41.788344, -87.60090319999999)"
6074,"(41.7925659, -87.58806870000001)"
6075,"(41.7891768, -87.60195080000001)"
6076,"(41.7878636, -87.60211729999999)"
6077,"(41.7878702, -87.59637719999999)"
6078,"(41.793823, -87.5848797)"
6079,"(41.7903948, -87.6038772)"
6080,"(41.7903948, -87.6038772)"
6081,"(41.7877673, -87.5979953)"
6082,"(41.7894277, -87.602471)"
6083,"(41.79246875, -87.58667464999999)"
6086,"(41.7845959, -87.6008803)"
6087,"(41.80185609999999, -87.5969374)"
6090,"(41.7882484, -87.5909839)"
6091,"(41.7899689, -87.6052594)"
6092,"(41.7802796, -87.5964954)"
6093,"(41.7940762, -87.60170769999999)"
6094,"(41.7804242, -87.5972999)"
6095,"(41.7910678, -87.60495069999999)"
6096,"(41.7899689, -87.6052594)"
6097,"(41.7910678, -87.60495069999999)"
6098,"(41.7910678, -87.60495069999999)"
6099,"(41.789734, -87.6015371)"
6100,"(41.785371, -87.59707639999999)"
6101,"(41.7903948, -87.6038772)"
6102,"(41.7991982, -87.58754270000001)"
6104,"(41.7919425, -87.60283989999999)"
6105,"(41.790225, -87.60255599999999)"
6106,"(41.7910678, -87.60495069999999)"
6107,"(41.799292, -87.5897063)"
6109,"(41.8000311, -87.60513759999999)"
6110,"(41.789734, -87.6015371)"
6111,"(41.7855187, -87.601897)"
6112,"(41.797875, -87.5952896)"
6113,"(41.7979407, -87.59970829999999)"
6115,"(41.789734, -87.6015371)"
6116,"(41.7983024, -87.58590699999999)"
6117,"(41.7853698, -87.6011668)"
6118,"(41.7940762, -87.60170769999999)"
6119,"(41.7881189, -87.5898105)"
6120,"(41.7931665, -87.6037882)"
6121,"(41.7878636, -87.60211729999999)"
6122,"(41.7899689, -87.6052594)"
6123,"(41.78952109999999, -87.60424909999999)"
6124,"(41.7893749, -87.5931645)"
6125,"(41.7892116, -87.60406619999999)"
6126,"(41.7953282, -87.60106309999999)"
6128,"(41.7857443, -87.59029559999999)"
6129,"(41.7854005, -87.6002883)"
6130,"(41.7858787, -87.6044278)"
6131,"(41.7726391, -87.7469362)"
6132,"(41.7914067, -87.5980738)"
6133,"(41.7927938, -87.59843049999999)"
6134,"(41.7929725, -87.5999293)"
6135,"(41.7894273, -87.59154939999999)"
6136,"(41.7929823, -87.60100320000001)"
6137,"(41.7880686, -87.5956212)"
6138,"(41.7846534, -87.60485949999999)"
6139,"(41.80094829999999, -87.59343489999999)"
6140,"(41.78936179999999, -87.5980201)"
6141,"(41.7851479, -87.6055427)"
6142,"(41.7857879, -87.586997)"
6143,"(41.7892116, -87.60406619999999)"
6144,"(41.797626, -87.584437)"
6145,"(41.7846534, -87.60485949999999)"
6146,"(41.788274, -87.598276)"
6147,"(41.7903948, -87.6038772)"
6148,"(41.7858787, -87.6044278)"
6149,"(41.8022545, -87.59641049999999)"
6150,"(41.79139809999999, -87.5891819)"
6151,"(41.7912712, -87.59819279999999)"
6152,"(41.8000134, -87.5875247)"
6153,"(41.7904919, -87.6009826)"
6154,"(41.7899689, -87.6052594)"
6155,"(41.7859971, -87.596333)"
6156,"(41.7919788, -87.5983645)"
6157,"(41.7878702, -87.59637719999999)"
6158,"(41.7785315, -87.5980675)"
6159,"(41.7845959, -87.6008803)"
6161,"(41.7854005, -87.6002883)"
6162,"(41.7930205, -87.603966)"
6163,"(41.8021008, -87.59634249999999)"
6164,"(41.7940762, -87.60170769999999)"
6165,"(41.80016875, -87.59666179999999)"
6166,"(41.7966863, -87.6041205)"
6167,"(41.7901748, -87.59914119999999)"
6168,"(41.957897, -87.724722)"
6169,"(41.79665184999999, -87.5996826)"
6170,"(41.7919425, -87.60283989999999)"
6171,"(41.7910678, -87.60495069999999)"
6172,"(41.7858787, -87.6044278)"
6173,"(41.804075, -87.60581289999999)"
6174,"(41.7877085, -87.6036874)"
6175,"(41.7846534, -87.60485949999999)"
6176,"(41.7911308, -87.60274969999999)"
6177,"(41.7882484, -87.5909839)"
6178,"(41.7879836, -87.5992302)"
6179,"(41.7911308, -87.60274969999999)"
6180,"(41.87328189999999, -87.62474429999999)"
6181,"(41.7947452, -87.5844166)"
6182,"(41.7987242, -87.59500704999999)"
6183,"(41.7785315, -87.5980675)"
6184,"(41.7882484, -87.5909839)"
6185,"(41.7857443, -87.59029559999999)"
6187,"(41.789734, -87.6015371)"
6188,"(41.792279, -87.599954)"
6189,"(41.7932285, -87.59813009999999)"
6190,"(41.7949652, -87.60562019999999)"
6191,"(41.7901841, -87.6045875)"
6192,"(41.7892116, -87.60406619999999)"
6193,"(41.7930239, -87.59680399999999)"
6194,"(41.7891369, -87.5954551)"
6195,"(41.7946319, -87.5809311)"
6196,"(41.7901006, -87.59771169999999)"
6197,"(41.7878636, -87.60211729999999)"
6198,"(41.79348510000001, -87.5974055)"
6199,"(41.7885151, -87.6040574)"
6200,"(41.7889345, -87.599158)"
6201,"(41.78962, -87.58657500000001)"
6202,"(41.7856991, -87.5939369)"
6203,"(41.7854005, -87.6002883)"
6204,"(41.7845959, -87.6008803)"
6205,"(41.7851676, -87.5985919)"
6206,"(41.7851676, -87.5985919)"
6207,"(41.7851676, -87.5985919)"
6208,"(41.7851676, -87.5985919)"
6209,"(41.78952109999999, -87.60424909999999)"
6210,"(41.8021135, -87.60445729999999)"
6211,"(41.7851676, -87.5985919)"
6212,"(41.7884006, -87.59909929999999)"
6213,"(41.78318105, -87.6011243)"
6214,"(41.7882484, -87.5909839)"
6215,"(41.7877085, -87.6036874)"
6216,"(41.7880686, -87.5956212)"
6217,"(41.7882484, -87.5909839)"
6218,"(41.7956081, -87.6000492)"
6219,"(41.7850859, -87.6024784)"
6220,"(41.7879038, -87.5866399)"
6221,"(41.7912712, -87.59819279999999)"
6222,"(41.7880686, -87.5956212)"
6223,"(41.7895762, -87.60093239999999)"
6224,"(41.7929725, -87.5999293)"
6227,"(41.7854005, -87.6002883)"
6228,"(41.7845959, -87.6008803)"
6229,"(41.7846534, -87.60485949999999)"
6230,"(41.7845959, -87.6008803)"
6231,"(41.7949629, -87.60569339999999)"
6232,"(41.800104899999994, -87.60285045)"
6233,"(41.7855187, -87.601897)"
6234,"(41.799292, -87.5897063)"
6235,"(41.7933652, -87.58787914999999)"
6237,"(41.7899689, -87.6052594)"
6238,"(41.7854503, -87.603927)"
6239,"(41.7940762, -87.60170769999999)"
6240,"(41.79272, -87.604581)"
6241,"(41.7845959, -87.6008803)"
6242,"(41.7967483, -87.6022442)"
6243,"(41.7861118, -87.5883985)"
6244,"(41.7896827, -87.60405019999999)"
6245,"(41.7948135, -87.5975445)"
6246,"(41.8028037, -87.5938333)"
6247,"(41.7975071, -87.5932843)"
6248,"(41.7854005, -87.6002883)"
6249,"(41.7940762, -87.60170769999999)"
6250,"(41.7910678, -87.60495069999999)"
6251,"(41.7877085, -87.6036874)"
6252,"(41.7910784, -87.6005453)"
6253,"(41.7892116, -87.60406619999999)"
6254,"(41.79457499999999, -87.601637)"
6255,"(41.7856304, -87.6031434)"
6256,"(41.7940762, -87.60170769999999)"
6257,"(41.797709, -87.6031514)"
6258,"(41.7880686, -87.5956212)"
6260,"(41.7856991, -87.5939369)"
6261,"(41.7939859, -87.6008615)"
6263,"(41.79566699999999, -87.584988)"
6264,"(41.8012853, -87.59637959999999)"
6265,"(41.7987741, -87.59198800000001)"
6266,"(41.7910678, -87.60495069999999)"
6267,"(41.7880092, -87.5987709)"
6268,"(41.7929725, -87.5999293)"
6269,"(41.7885418, -87.59704579999999)"
6272,"(41.78802779999999, -87.5939404)"
6273,"(41.7910678, -87.60495069999999)"
6274,"(41.788344, -87.60090319999999)"
6275,"(41.7919788, -87.5983645)"
6276,"(41.7895621, -87.601259)"
6277,"(41.7901437, -87.59606149999999)"
6279,"(41.7892116, -87.60406619999999)"
6283,"(41.7901841, -87.6045875)"
6284,"(41.78517129999999, -87.598073)"
6285,"(41.7847535, -87.592671)"
6286,"(41.7883128, -87.6045656)"
6287,"(41.7892116, -87.60406619999999)"
